{ "listdata": [{"path": "line/res/anim/", "name": "anim_0.plist", "md5": "2b50fbe8cda26ffa7b764d71a7b32104"}, 
{"path": "line/res/anim/", "name": "anim_0.png", "md5": "c35ea0b34f90671b9a51543be871d063"}, 
{"path": "line/res/anim/", "name": "anim_1.plist", "md5": "8f7f2ba5c9bdb4e5e36f2bcecb2ecb5b"}, 
{"path": "line/res/anim/", "name": "anim_1.png", "md5": "910fdc5bbd29d801f137eaf00737807d"}, 
{"path": "line/res/anim/", "name": "anim_2.plist", "md5": "ce4908ffd98ebadc9c753b75b7d65ffb"}, 
{"path": "line/res/anim/", "name": "anim_2.png", "md5": "efc669b28367312f223d75df46d4fc6b"}, 
{"path": "line/res/anim/", "name": "im_3lian_light.png", "md5": "62381fb6c6a5ac816cc567f034109ef5"}, 
{"path": "line/res/anim/", "name": "im_9lian_bg_0.png", "md5": "6d150a976c8bcd2fbe8cc86c0e0d3935"}, 
{"path": "line/res/anim/", "name": "im_9lian_bg_1.png", "md5": "e53d410497635905d59e65b26026d10d"}, 
{"path": "line/res/anim/", "name": "im_9lian_light.png", "md5": "6a2495f33a12891e52fb3514c0dc713f"}, 
{"path": "line/res/anim/", "name": "num_9lian_score.png", "md5": "3474bba6ac9aac3d46781b396a76211d"}, 
{"path": "line/res/anim/", "name": "num_end_score_1.png", "md5": "0d9f5cce78bcbf46a5437a926571550c"}, 
{"path": "line/res/anim/", "name": "num_end_score_2.png", "md5": "a84b90c44af15c350e671f6235eda4d7"}, 
{"path": "line/res/anim/", "name": "num_end_score_3.png", "md5": "56ff4de481057c93d8fca5fe6c255ffb"}, 
{"path": "line/res/anim/", "name": "num_end_score_4.png", "md5": "94fb8ff96f2e41fa96793c3571eb1438"}, 
{"path": "line/res/bank/", "name": "BankLayer.csb", "md5": "d2fa84f5644a21b5e7a0403d5814fe5d"}, 
{"path": "line/res/bank/", "name": "btn_close_0.png", "md5": "e9a66ecd95a8d67f2758143ec71b92bf"}, 
{"path": "line/res/bank/", "name": "btn_close_1.png", "md5": "be1df407bff1b58215f297ae66001935"}, 
{"path": "line/res/bank/", "name": "btn_refsh_0.png", "md5": "f26c146567a7912296fd8bb7420a2135"}, 
{"path": "line/res/bank/", "name": "btn_refsh_1.png", "md5": "baf379dab9bb8be3baaab88c3c1aecfc"}, 
{"path": "line/res/bank/", "name": "btn_take_0.png", "md5": "4dfa608df24450ea228fa100c366dbf2"}, 
{"path": "line/res/bank/", "name": "btn_take_1.png", "md5": "0bcf0b3a80a6e58c30ad026bfb35838a"}, 
{"path": "line/res/bank/", "name": "num_bank.png", "md5": "69afc8f4ba480e56914e08ba8a4556cd"}, 
{"path": "line/res/bank/", "name": "sprite_bg.png", "md5": "8d1181d2eb009763e576198f6b71f755"}, 
{"path": "line/res/bank/", "name": "sprite_bgSmall.png", "md5": "e7dabd4ad1d43ff95df065e9604cc0fe"}, 
{"path": "line/res/bank/", "name": "sprite_frame1.png", "md5": "8e18e3a511e6b28b3d1508928bc2657f"}, 
{"path": "line/res/bank/", "name": "sprite_frame2.png", "md5": "4a901ec2f88a0ae50ea947feffd527c5"}, 
{"path": "line/res/bank/", "name": "sprite_icon_1.png", "md5": "2d5e90debf81c0efaa44c5a62c0cff1f"}, 
{"path": "line/res/bank/", "name": "sprite_icon_2.png", "md5": "64d3e3ec20c40913906d929371a9a4b0"}, 
{"path": "line/res/bank/", "name": "sprite_password.png", "md5": "c5f5fbd6a4c9ca35332ad84938030044"}, 
{"path": "line/res/bank/", "name": "sprite_take.png", "md5": "3811ec3f9f80b1f3a9a32b1fdd3dd761"}, 
{"path": "line/res/bank/", "name": "sprite_take_0.png", "md5": "47434a13c4edf0c2bedc976b869c7a2a"}, 
{"path": "line/res/bank/", "name": "sprite_take_1.png", "md5": "0c652b20d4e3618ef44b1bb42905a392"}, 
{"path": "line/res/bank/", "name": "sprite_title.png", "md5": "aa50da452f1f4b47bc59c287d9eff7d9"}, 
{"path": "line/res/game/", "name": "bt_bank_0.png", "md5": "dd8c8c20c284f24dcba3d8ed2cc0b48c"}, 
{"path": "line/res/game/", "name": "bt_bank_1.png", "md5": "ac4399ed9b4c8f1375fde5f5b26ff892"}, 
{"path": "line/res/game/", "name": "bt_begin_0.png", "md5": "b02600a1a7a944b4a065afbc45021ec3"}, 
{"path": "line/res/game/", "name": "bt_begin_1.png", "md5": "c2c5dae9c621ce4276e43bc7ac5267ac"}, 
{"path": "line/res/game/", "name": "bt_cancle_hosting.png", "md5": "12c36c518fb0bb7d9e08466e9d3a1687"}, 
{"path": "line/res/game/", "name": "bt_head_0.png", "md5": "267aabdf0faa1b448f19d9942ca8c8d5"}, 
{"path": "line/res/game/", "name": "bt_hosting_0.png", "md5": "6ea7996c42747b2b91a470511d865e9a"}, 
{"path": "line/res/game/", "name": "bt_hosting_1.png", "md5": "fe2280a71c53bed11b805d2c3ee2543f"}, 
{"path": "line/res/game/", "name": "bt_minus_0.png", "md5": "eb1c3b4e559a64e0fa393aa098cd67f2"}, 
{"path": "line/res/game/", "name": "bt_minus_1.png", "md5": "70269cc3c53853d3a6f3c45f4a75c31b"}, 
{"path": "line/res/game/", "name": "bt_plus_0.png", "md5": "6f8ae595bf88b46fd6b21f13b29b5d79"}, 
{"path": "line/res/game/", "name": "bt_plus_1.png", "md5": "2d1d6d7eb71b90f48a9f2c4f30bd6bac"}, 
{"path": "line/res/game/", "name": "bt_quit_0.png", "md5": "378836121000cb9f3f403a5bd91751f2"}, 
{"path": "line/res/game/", "name": "bt_quit_1.png", "md5": "e17ef757f04c6084ce2dec8f3a41b039"}, 
{"path": "line/res/game/", "name": "bt_setting_0.png", "md5": "a02552371cea9703a6cc574c7ee60bea"}, 
{"path": "line/res/game/", "name": "bt_setting_1.png", "md5": "e1ecc08b90e70d3ebae515bce159fd8e"}, 
{"path": "line/res/game/", "name": "bt_stop_0.png", "md5": "ff1fe8888bd511990d50334f9aa97e6f"}, 
{"path": "line/res/game/", "name": "bt_stop_1.png", "md5": "3214b6fa258e5080f4a50cb57a2348a9"}, 
{"path": "line/res/game/", "name": "caichi5.png", "md5": "285d14d639f653853982378b8e519da3"}, 
{"path": "line/res/game/", "name": "game_bg.png", "md5": "9b254aa1814fe5efa852baf8e12210a3"}, 
{"path": "line/res/game/", "name": "im_bean.png", "md5": "b4c7b2c6534ef75ef5bb35803c0e5618"}, 
{"path": "line/res/game/", "name": "im_begin_bg.png", "md5": "ea7143c7df588113027038ad95c40a33"}, 
{"path": "line/res/game/", "name": "im_element_0.png", "md5": "cd8540b9fb3f911e43ea8006793136ba"}, 
{"path": "line/res/game/", "name": "im_element_1.png", "md5": "3358198e0599fd5aef241cb849f1fc92"}, 
{"path": "line/res/game/", "name": "im_element_10.png", "md5": "6551c8de00836e478d023f925a9db69e"}, 
{"path": "line/res/game/", "name": "im_element_11.png", "md5": "f20204c14e81970683fb426072bdbbe9"}, 
{"path": "line/res/game/", "name": "im_element_2.png", "md5": "2ad1b2961f97c5d5a06d7da8678bc050"}, 
{"path": "line/res/game/", "name": "im_element_3.png", "md5": "a433628533fbef49693929a5d70a4544"}, 
{"path": "line/res/game/", "name": "im_element_4.png", "md5": "5c7a2be5ec274c8733da4c323d6611b7"}, 
{"path": "line/res/game/", "name": "im_element_5.png", "md5": "ecbd91a234c93e52ad20fb1459379392"}, 
{"path": "line/res/game/", "name": "im_element_6.png", "md5": "7d13c3cf7d85779f5b6986a75db944f2"}, 
{"path": "line/res/game/", "name": "im_element_7.png", "md5": "c34bee6265bec32e940771dfe9dffbbf"}, 
{"path": "line/res/game/", "name": "im_element_8.png", "md5": "fe6c9f0033c0498061718478412a674d"}, 
{"path": "line/res/game/", "name": "im_element_9.png", "md5": "7d9372707f0d021b9cf1b447918d3b9b"}, 
{"path": "line/res/game/", "name": "im_frame_bg.png", "md5": "c0a08beff6d436b4260dc5cec87f8b30"}, 
{"path": "line/res/game/", "name": "im_gold.png", "md5": "6c5cf2d106378596383f20c769a5df66"}, 
{"path": "line/res/game/", "name": "im_horn_frame.png", "md5": "8c6b1813c571251b5a638d73c082b34d"}, 
{"path": "line/res/game/", "name": "im_line_0.png", "md5": "cd4c4df5935f30d143c67685549534dd"}, 
{"path": "line/res/game/", "name": "im_line_1.png", "md5": "8a81c8f8c219c89dc23e3b789af8392b"}, 
{"path": "line/res/game/", "name": "im_line_2.png", "md5": "527d200407c8f75d5d43449ec543d2ad"}, 
{"path": "line/res/game/", "name": "im_line_3.png", "md5": "6a70f34cf7d8b31626a57a7004c50d14"}, 
{"path": "line/res/game/", "name": "im_plus_score_bg.png", "md5": "3be8da458855b5b7a463a32ab915eea5"}, 
{"path": "line/res/game/", "name": "im_pool_bg_0.png", "md5": "cce056818aa6d2f1bf3af1dc794e52e0"}, 
{"path": "line/res/game/", "name": "im_pool_bg_1.png", "md5": "15c86f673692e0a21753c19c4c20180c"}, 
{"path": "line/res/game/", "name": "im_pool_numBg.png", "md5": "285d14d639f653853982378b8e519da3"}, 
{"path": "line/res/game/", "name": "im_reward_0.png", "md5": "1779074ec9ed7e04a6e76286b9789f03"}, 
{"path": "line/res/game/", "name": "im_reward_1.png", "md5": "dd1b1cb46c2f755c7d02b570d4d5a996"}, 
{"path": "line/res/game/", "name": "im_score_bg.png", "md5": "2a085e1164a7452216b41300b16f6691"}, 
{"path": "line/res/game/", "name": "im_score_frame.png", "md5": "cb2817418f14647f2e88500fe2548103"}, 
{"path": "line/res/game/", "name": "im_top.png", "md5": "df1bce9be3f6c1ed4d14e4c2005da0a7"}, 
{"path": "line/res/game/", "name": "im_toubi_0.png", "md5": "8bc5cac77dfc4970fcd22c4d7e2d180d"}, 
{"path": "line/res/game/", "name": "im_toubi_1.png", "md5": "2161761f09a4677a9b5405fd98ee4d33"}, 
{"path": "line/res/game/", "name": "im_toubi_2.png", "md5": "7b561fbacd59b6b71842579daabe6b5c"}, 
{"path": "line/res/game/", "name": "im_toubi_3.png", "md5": "ba5fb01846db43854177291da651e129"}, 
{"path": "line/res/game/", "name": "im_toubi_4.png", "md5": "de01a7963cc164c467dbc967ce3a4a6b"}, 
{"path": "line/res/game/", "name": "im_toubi_5.png", "md5": "de184f91d659c0bcbe292b6a76ebe18e"}, 
{"path": "line/res/game/", "name": "im_toubi_light.png", "md5": "3b13d360d47231727dc5ef0b42796096"}, 
{"path": "line/res/game/", "name": "im_win_score_bg.png", "md5": "8b31571cd46299adccb80d591befdc80"}, 
{"path": "line/res/game/", "name": "num_line_0.png", "md5": "537814af8c233acae48403d2a3eaa126"}, 
{"path": "line/res/game/", "name": "num_line_1.png", "md5": "671b634515dabbba88cd1bea669dc107"}, 
{"path": "line/res/game/", "name": "num_line_2.png", "md5": "608e1e47db503cde62e06d2e521c9228"}, 
{"path": "line/res/game/", "name": "num_line_3.png", "md5": "cf5392e7923308ca4d1bbc4c044f6890"}, 
{"path": "line/res/game/", "name": "num_line_4.png", "md5": "3ce81d949855d232b969974492b8b87d"}, 
{"path": "line/res/game/", "name": "num_line_5.png", "md5": "86ccef187b3caffe0172ea5c4bd6833b"}, 
{"path": "line/res/game/", "name": "num_line_6.png", "md5": "dcda49cf9f4241b6a214c113796b6739"}, 
{"path": "line/res/game/", "name": "num_line_7.png", "md5": "1dbce6ef2310da95fa3b3c1b74869a96"}, 
{"path": "line/res/game/", "name": "num_plus_score.png", "md5": "ee79ddce4b5a9edd7808a2e078e4a298"}, 
{"path": "line/res/game/", "name": "num_pool_score.png", "md5": "75ed2074e05ef870636025a34bf9c3fa"}, 
{"path": "line/res/game/", "name": "num_task.png", "md5": "ca7e7237336ef5079c8285aa31f0ba3e"}, 
{"path": "line/res/game/", "name": "num_user.png", "md5": "ac8dd010cab2c314a437874e8dbcfbc1"}, 
{"path": "line/res/game/", "name": "txt_task.png", "md5": "8cdedfb9e5421dd10228f5b5b1f731ac"}, 
{"path": "line/res/", "name": "GameLayer.csb", "md5": "c7a478213bf0ae2970ca88364ceae46c"}, 
{"path": "line/res/gamere/", "name": "bt_arrow_0.png", "md5": "336421940b7e14cb3a6218caedc3a667"}, 
{"path": "line/res/gamere/", "name": "bt_arrow_1.png", "md5": "1e3eff533dcdf00d2c60a68b568d0c04"}, 
{"path": "line/res/gamere/", "name": "dikuang7.png", "md5": "e7ab0307403453b559af6e89453035c2"}, 
{"path": "line/res/gamere/", "name": "GameRewardItem.csb", "md5": "2f074ca82d5b3ae09b6befc59eb76507"}, 
{"path": "line/res/gamere/", "name": "GameRewardItem2.csb", "md5": "5d8b40d3e6bb3b334aaff23e640cf131"}, 
{"path": "line/res/gamere/", "name": "GameRewardItem3.csb", "md5": "5935ad046632ae1cb8d072c35dd9ffa2"}, 
{"path": "line/res/gamere/", "name": "GameRewardLayer.csb", "md5": "f8355360859b6d057117a2f18efcb465"}, 
{"path": "line/res/gamere/", "name": "im_bg.png", "md5": "1ad5d7e79f2778da328663f743419ed9"}, 
{"path": "line/res/gamere/", "name": "im_element.png", "md5": "b87aac61ed1a3131c98a6128a80f9f31"}, 
{"path": "line/res/gamere/", "name": "im_element_0.png", "md5": "f8d450f10340e4e66668496033a5abac"}, 
{"path": "line/res/gamere/", "name": "im_element_1.png", "md5": "f9aeb8f675c7f25d8ff3d143c40d73c9"}, 
{"path": "line/res/gamere/", "name": "im_element_10.png", "md5": "064b22b16cf38aba30017b77a6fa6729"}, 
{"path": "line/res/gamere/", "name": "im_element_2.png", "md5": "e2cba03f7c2d85d2f45c64162a45fec2"}, 
{"path": "line/res/gamere/", "name": "im_element_3.png", "md5": "ca1b51d98438da11f9ecde3c01e71e2a"}, 
{"path": "line/res/gamere/", "name": "im_element_4.png", "md5": "26ead34f0b8a78651f06699d98dd9c1a"}, 
{"path": "line/res/gamere/", "name": "im_element_5.png", "md5": "31ec25fa859f264ed3a52f2777cccf8f"}, 
{"path": "line/res/gamere/", "name": "im_element_6.png", "md5": "f73ce654f6426307e3cd6d7481149e84"}, 
{"path": "line/res/gamere/", "name": "im_element_7.png", "md5": "222121daa28b6bb73c9543d404ac5a04"}, 
{"path": "line/res/gamere/", "name": "im_element_8.png", "md5": "1abc01f3e4b257ab62bf472bba849bc1"}, 
{"path": "line/res/gamere/", "name": "im_element_9.png", "md5": "c1e4717c2da4aae92eb1044daab46247"}, 
{"path": "line/res/gamere/", "name": "im_line.png", "md5": "a6112366ce22201d1f30c76457b632a9"}, 
{"path": "line/res/gamere/", "name": "im_list_frame.png", "md5": "293438682f46f1b3fc7bb235ffda1c0c"}, 
{"path": "line/res/gamere/", "name": "im_multiply.png", "md5": "8c718cc7278693ca070a4e841618a805"}, 
{"path": "line/res/gamere/", "name": "im_reward_0.png", "md5": "e0da5a33d83c7a0b501b30a93292fe9b"}, 
{"path": "line/res/gamere/", "name": "im_reward_1.png", "md5": "87f1a51fa81c0a78f01e510883d1d2c9"}, 
{"path": "line/res/gamere/", "name": "im_reward_frame.png", "md5": "25d8aa72b7500c2c515138fa8c1fcd1c"}, 
{"path": "line/res/gamere/", "name": "im_sprite_ewai.png", "md5": "4e117bc34047f6f3c04f11878531d61b"}, 
{"path": "line/res/gamere/", "name": "im_sprite_leiji.png", "md5": "ac06b7f7d09915debb245e15ca0eef39"}, 
{"path": "line/res/gamere/", "name": "im_type_frame.png", "md5": "f324aa835d20cfa77a3b20fc2e13b8ea"}, 
{"path": "line/res/gamere/", "name": "num_multiply.png", "md5": "d5ae31aea4fdd5c0347b449366b8fd91"}, 
{"path": "line/res/gamere/", "name": "num_multiply2.png", "md5": "cca286c4466267ee15a1d2164a752943"}, 
{"path": "line/res/gamere/", "name": "shuzi2.png", "md5": "be6afef5d722bea8340793e184a795d4"}, 
{"path": "line/res/gamere/", "name": "txt_title_0.png", "md5": "9e02e799b0505e46a425be238fd64b67"}, 
{"path": "line/res/gamere/", "name": "txt_title_1.png", "md5": "64ec74d72cf3c78dee4ebedce0c34b22"}, 
{"path": "line/res/gamere/", "name": "txt_title_2.png", "md5": "84c6d6157099dc4daefbb9286949e066"}, 
{"path": "line/res/roomlist/", "name": "icon_roomlist_0.png", "md5": "336d1f090aab8efc318726522bf99f39"}, 
{"path": "line/res/roomlist/", "name": "icon_roomlist_1.png", "md5": "fb7391374c71aee079be9eed9a0d1953"}, 
{"path": "line/res/roomlist/", "name": "icon_roomlist_2.png", "md5": "c024cbc209c48dedacfed6699d8a2b36"}, 
{"path": "line/res/setting/", "name": "btn_close_0.png", "md5": "e9a66ecd95a8d67f2758143ec71b92bf"}, 
{"path": "line/res/setting/", "name": "btn_close_1.png", "md5": "be1df407bff1b58215f297ae66001935"}, 
{"path": "line/res/setting/", "name": "btn_rule_0.png", "md5": "b07a4746fb7ba9215a218bdb6e35f65b"}, 
{"path": "line/res/setting/", "name": "btn_rule_1.png", "md5": "a6ae085bf7315bd391a5054701b64337"}, 
{"path": "line/res/setting/", "name": "btn_set_close.png", "md5": "3824c89f066a71ead55cbbf04fa511ff"}, 
{"path": "line/res/setting/", "name": "btn_set_open.png", "md5": "6a953b1d4db56a3badb1e2c36cc7f360"}, 
{"path": "line/res/setting/", "name": "setLayer.csb", "md5": "23926a5ca43dad67d44766c173c2fce5"}, 
{"path": "line/res/setting/", "name": "sprite_bg.png", "md5": "8d1181d2eb009763e576198f6b71f755"}, 
{"path": "line/res/setting/", "name": "sprite_bgSamll.png", "md5": "61e795a47c02ea01c7469783c04b179c"}, 
{"path": "line/res/setting/", "name": "sprite_music.png", "md5": "5f228039e143ceab96035a97dcbdcfc1"}, 
{"path": "line/res/setting/", "name": "sprite_rule.png", "md5": "653a073971d048803e42c51e20c352e0"}, 
{"path": "line/res/setting/", "name": "sprite_sound.png", "md5": "221fb003feefacd06ceb328c5e646f63"}, 
{"path": "line/res/setting/", "name": "sprite_title.png", "md5": "1321834fe3c6503c5156704f4cca9f9b"}, 
{"path": "line/res/sound_res/", "name": "BackSound.mp3", "md5": "66e7af08ebd646bf029c94c0f770dab1"}, 
{"path": "line/res/sound_res/", "name": "ButtonDown.wav", "md5": "5e515e84db7664edf9662b8e1d2fcb0a"}, 
{"path": "line/res/sound_res/", "name": "ElementMove.wav", "md5": "fc11028764740f445b5cd9669404fafb"}, 
{"path": "line/res/sound_res/", "name": "GameFail.wav", "md5": "81f16917c653b718778312758cc6fc56"}, 
{"path": "line/res/sound_res/", "name": "GameWin.wav", "md5": "7b9af42fcbad75e1be0bb97870f75615"}, 
{"path": "line/res/sound_res/", "name": "GoldBigMove.wav", "md5": "8cd0ab311204e1faa31badf0e57f5d44"}, 
{"path": "line/res/sound_res/", "name": "GoldMove.wav", "md5": "ea8725631764c19642da54c67ad33d3e"}, 
{"path": "line/res/sound_res/", "name": "jiangli.wav", "md5": "852091ad4af57319f81d08bee0f7b809"}, 
{"path": "line/res/sound_res/", "name": "OpenWidnow.wav", "md5": "6953c7372717e4ef403db3a0243b2bf2"}, 
{"path": "line/res/sound_res/", "name": "shangfen.mp3", "md5": "493d1c5cbae67c1f493e5a848f5bebb4"}, 
{"path": "line/res/sound_res/", "name": "shangfen1.mp3", "md5": "78f56c2fe1783e7f12759754d87bfe4e"}, 
{"path": "line/res/sound_res/", "name": "StartLogo.wav", "md5": "764ef9f78b1ddeb7d39821d5c6770db1"}, 
{"path": "line/src/models/", "name": "CMD_Game.luac", "md5": "37bc69c0d7de959fe22f045da1e986eb"}, 
{"path": "line/src/models/", "name": "GameLogic.luac", "md5": "8ea78f3a715f564c82bf903710eda8f6"}, 
{"path": "line/src/views/", "name": "GameLayer.luac", "md5": "33f95db76a080025a2847deacdc4caac"}, 
{"path": "line/src/views/", "name": "GameRoomListLayer.luac", "md5": "ed9378b93bef1caa12ab7c02f8d4d41c"}, 
{"path": "line/src/views/layer/", "name": "GameRewardLayer.luac", "md5": "2f042712d61ab6c1aa5ecdfb29d02f27"}, 
{"path": "line/src/views/layer/", "name": "GameRollList.luac", "md5": "aadc3f764ac3d25437b3eda4bad7557d"}, 
{"path": "line/src/views/layer/", "name": "GameViewLayer.luac", "md5": "8c8085198a17a5ae98ca2d87a70a5869"}, 
{"path": "line/src/views/layer/", "name": "SettingLayer.luac", "md5": "1a9d627b0e971927715c131d16bb7122"}, 
{"allcount": 177}]}