{ "listdata": [{"path": "sicbobattle/res/", "name": "118_gameLayer.csb", "md5": "7750113fea24373e7b74f0fe8eb73d4e"}, 
{"path": "sicbobattle/res/bank/", "name": "118_bank.plist", "md5": "8041fc9ba83f4cdf8cccb1509041c96e"}, 
{"path": "sicbobattle/res/bank/", "name": "118_bank.png", "md5": "2ccdcf2b87f3692bb777d25de0c93f9e"}, 
{"path": "sicbobattle/res/bank/", "name": "118_BankLayer.csb", "md5": "c2166ce3f487e01452ec938a90a8ca77"}, 
{"path": "sicbobattle/res/bank/", "name": "118_bankNumber.png", "md5": "d267429a146d81b56e80fd6ad85c8dba"}, 
{"path": "sicbobattle/res/game/", "name": "118_applyList.csb", "md5": "c770d9190835fd87dbaeff2726c30b69"}, 
{"path": "sicbobattle/res/game/", "name": "118_applyList.plist", "md5": "4792e7236638bca27858f102a3a5fba3"}, 
{"path": "sicbobattle/res/game/", "name": "118_applyList.png", "md5": "5a69d534a5d7f30789a9d75c4bb52d58"}, 
{"path": "sicbobattle/res/game/", "name": "118_background.png", "md5": "4306398eb76a61e1122d12258d07b651"}, 
{"path": "sicbobattle/res/game/", "name": "118_btnList.csb", "md5": "e1a5d90e5dbef207628cc5a20a70d3fd"}, 
{"path": "sicbobattle/res/game/", "name": "118_clock_num.png", "md5": "e24dc9165a041ed063aec8e1596d44c1"}, 
{"path": "sicbobattle/res/game/", "name": "118_diceAni.plist", "md5": "471815183c08a71eb909933e41e8a734"}, 
{"path": "sicbobattle/res/game/", "name": "118_diceAni.png", "md5": "f50f9a6f515bf9046354247f02fa2a11"}, 
{"path": "sicbobattle/res/game/", "name": "118_gameLayer.plist", "md5": "11fa2d4be7d9f19c8a36a0428b443e3c"}, 
{"path": "sicbobattle/res/game/", "name": "118_gameLayer.png", "md5": "ef2b366cc94673263a598691ebf9344d"}, 
{"path": "sicbobattle/res/game/", "name": "118_myJetton.csb", "md5": "317cdf0ed7b212317df94df27bc4e87a"}, 
{"path": "sicbobattle/res/game/", "name": "118_myJetton_num.png", "md5": "90b6d01bb1e2826666335647d4376789"}, 
{"path": "sicbobattle/res/game/", "name": "118_resultBg.png", "md5": "6e7e5c4a8f8feb9adc81eb8d78464d19"}, 
{"path": "sicbobattle/res/game/", "name": "118_userItem.csb", "md5": "a6f12aae3b96eb77d91f07e0bae5aa5e"}, 
{"path": "sicbobattle/res/game/", "name": "118_userList.csb", "md5": "aa134d289245e75d5ad825ff8176bcce"}, 
{"path": "sicbobattle/res/game/", "name": "118_userList.plist", "md5": "d3f7fd0e8023e44f1f07fb543c733278"}, 
{"path": "sicbobattle/res/game/", "name": "118_userList.png", "md5": "d6deb6b83e1e4d0211bb6ff491df668d"}, 
{"path": "sicbobattle/res/game/", "name": "2_.png", "md5": "44545859632c69e3dbbb86169301d474"}, 
{"path": "sicbobattle/res/game/", "name": "2_1.png", "md5": "cd5c4608274e8dd7cf80b29ceb1086e2"}, 
{"path": "sicbobattle/res/game/", "name": "2_2.png", "md5": "6343a0bce028e931014afee3bbcdf542"}, 
{"path": "sicbobattle/res/game/", "name": "2_3.png", "md5": "9aae64b938e3722fb5bd4f47260af670"}, 
{"path": "sicbobattle/res/game/", "name": "2_4.png", "md5": "0e3008a82d27e97f6dcf193813adad71"}, 
{"path": "sicbobattle/res/game/", "name": "2_5.png", "md5": "c1349a8b05ecc849c210f4e5e9900364"}, 
{"path": "sicbobattle/res/game/", "name": "2_6.png", "md5": "86142515cb275ce51857332345f20aef"}, 
{"path": "sicbobattle/res/game/", "name": "2_7.png", "md5": "8118331b5a55da7bb2727d0fd22d7c2c"}, 
{"path": "sicbobattle/res/game/", "name": "chipmin_1.png", "md5": "3b29c41ac3a06cfbf3c8973e82a76a3e"}, 
{"path": "sicbobattle/res/game/", "name": "chipmin_2.png", "md5": "3a4d5177507ce2cfcb1cfbd749b36985"}, 
{"path": "sicbobattle/res/game/", "name": "chipmin_3.png", "md5": "452c752de8467e4264ce698fc9d4fd51"}, 
{"path": "sicbobattle/res/game/", "name": "chipmin_4.png", "md5": "ad3b268876c82f566bae5464c1b6d80d"}, 
{"path": "sicbobattle/res/game/", "name": "chipmin_5.png", "md5": "7d4f82a2131bfe48fbc4e408126aa8c1"}, 
{"path": "sicbobattle/res/game/", "name": "chipmin_6.png", "md5": "05928301326ecaf5004568f2ec8c0c60"}, 
{"path": "sicbobattle/res/game/", "name": "chip_select.png", "md5": "be24ce4fc02ed2a369ed103ffe1ccd55"}, 
{"path": "sicbobattle/res/game/", "name": "num_big.png", "md5": "775c58fb27ed9377ee7ba9b758416cdb"}, 
{"path": "sicbobattle/res/game/", "name": "num_min.png", "md5": "510f069dde5e1d783b456c3b4457c99b"}, 
{"path": "sicbobattle/res/game/", "name": "recordNode.csb", "md5": "6fbc007e57ab5f3e889bae1a138988e0"}, 
{"path": "sicbobattle/res/game/", "name": "sp_head_bg.png", "md5": "f0cf34ab932a8cca2194eabc0f52cc53"}, 
{"path": "sicbobattle/res/game/", "name": "wan.png", "md5": "3fc063f1eb63c587e9e0ef0f2a61136b"}, 
{"path": "sicbobattle/res/game/", "name": "yi.png", "md5": "94dd2f69d5685a8dfb5f2de500b0d9e6"}, 
{"path": "sicbobattle/res/roomlist/", "name": "icon_roomlist_0.png", "md5": "334e978bf2837fffcc2ea3e19cd86b46"}, 
{"path": "sicbobattle/res/roomlist/", "name": "icon_roomlist_1.png", "md5": "a16133a521408b454427a6e3dc277ab5"}, 
{"path": "sicbobattle/res/roomlist/", "name": "icon_roomlist_2.png", "md5": "a90a08512a07d9ff97d1c6aaf3efd40e"}, 
{"path": "sicbobattle/res/roomlist/", "name": "icon_roomlist_title.png", "md5": "198e7764e678e669ddb55d7ded39e0a4"}, 
{"path": "sicbobattle/res/roomlist/", "name": "roomicon_roomlist_2.png", "md5": "c3db25e663250ddd4042c3eea5e59929"}, 
{"path": "sicbobattle/res/roomlist/", "name": "roomicon_roomlist_3.png", "md5": "0dd7ee6d77952ee3470c27740e63bae4"}, 
{"path": "sicbobattle/res/roomlist/", "name": "roomicon_roomlist_4.png", "md5": "bb50b17fd21641f4537b24778087bdb0"}, 
{"path": "sicbobattle/res/set/", "name": "118_setLayer.csb", "md5": "344fd3b9c329992bc094bfad4924e319"}, 
{"path": "sicbobattle/res/set/", "name": "118_setLayer.plist", "md5": "470b93d0c71d32b2b5ac22fcd8e5d037"}, 
{"path": "sicbobattle/res/set/", "name": "118_setLayer.png", "md5": "ecead4e0bd2049a1034f4f04087ac043"}, 
{"path": "sicbobattle/res/sound_res/", "name": "ADD_GOLD.wav", "md5": "7b9a592e78878b45d7dc292d3bc1c321"}, 
{"path": "sicbobattle/res/sound_res/", "name": "ADD_GOLD_EX.wav", "md5": "0517246ed965f7dfcab4d0e150e9765f"}, 
{"path": "sicbobattle/res/sound_res/", "name": "BACK_GROUND.wav", "md5": "ae36895366a51674d6ace066268c278d"}, 
{"path": "sicbobattle/res/sound_res/", "name": "CHEER1.wav", "md5": "7bf1d42959679f8a7b40af78a20f340f"}, 
{"path": "sicbobattle/res/sound_res/", "name": "CHEER2.wav", "md5": "0c9fb499bbcf32877f620b5e43e3867e"}, 
{"path": "sicbobattle/res/sound_res/", "name": "CHEER3.wav", "md5": "68860421baddce5ff66d1319d6289a9f"}, 
{"path": "sicbobattle/res/sound_res/", "name": "DISPATCH_CARD.wav", "md5": "956b4eb19d114130a4bcbfa52eb8d54e"}, 
{"path": "sicbobattle/res/sound_res/", "name": "END_DRAW.wav", "md5": "17a986cb0cad18262601aeb2cad06927"}, 
{"path": "sicbobattle/res/sound_res/", "name": "END_LOST.wav", "md5": "8def92de49cdf75151f138482e2293e8"}, 
{"path": "sicbobattle/res/sound_res/", "name": "END_WIN.wav", "md5": "0a75b76681fec910ebb76229ed4d15d2"}, 
{"path": "sicbobattle/res/sound_res/", "name": "GAME_START.wav", "md5": "9ac2dfb083b0cbee12c28a5bb83b46c8"}, 
{"path": "sicbobattle/res/sound_res/", "name": "SHAKE_DICE.wav", "md5": "9c29d35fd19cc4003e6de89860827b0a"}, 
{"path": "sicbobattle/res/sound_res/", "name": "TIME_WARIMG.wav", "md5": "b1924524c25f3ca73b5f97baa87f1ba8"}, 
{"path": "sicbobattle/src/models/", "name": "118_GameFrame.lua", "md5": "75a789c54a13ce792bc4667517a73e41"}, 
{"path": "sicbobattle/src/models/", "name": "CMD_Game.lua", "md5": "e58ed654d3e6fcf61be9ee6c17b935b9"}, 
{"path": "sicbobattle/src/models/", "name": "GameDefine.lua", "md5": "e6abc01f673a00229207cfcf88a0ceac"}, 
{"path": "sicbobattle/src/models/", "name": "GameLogic.lua", "md5": "2767dfb2d052c48e14ce3c42f5746172"}, 
{"path": "sicbobattle/src/views/", "name": "GameLayer.lua", "md5": "45158feb3400dd59ab454b60e925cf16"}, 
{"path": "sicbobattle/src/views/", "name": "GameRoomLayer.lua", "md5": "c46e18e0c7a64e5606952ae0b863faf7"}, 
{"path": "sicbobattle/src/views/", "name": "GameRoomListLayer.lua", "md5": "802e0915697dcd0a78f3ce82ac8613b5"}, 
{"path": "sicbobattle/src/views/layer/", "name": "BtnListLayer.lua", "md5": "2465a962a3f02f8f5a0bb94a44f91b40"}, 
{"path": "sicbobattle/src/views/layer/", "name": "GameViewLayer.lua", "md5": "669fd71de023dc4126cd6677c91bd120"}, 
{"path": "sicbobattle/src/views/layer/", "name": "SetLayer.lua", "md5": "6697d3e366bf254f2bae83e9454bdec3"}, 
{"path": "sicbobattle/src/views/layer/userlist/", "name": "ApplyListLayer.lua", "md5": "99853523c9fc1121b0d0f05784b338ef"}, 
{"path": "sicbobattle/src/views/layer/userlist/", "name": "UserItem.lua", "md5": "1baf836ca2649cd862ca1946b6f2b2b9"}, 
{"path": "sicbobattle/src/views/layer/userlist/", "name": "UserListLayer.lua", "md5": "83403ad3700d8e6af2b03e74f405ab44"}, 
{"allcount": 79}]}